Workbook

Sheet Inventory
A1: Northwind Warehouse · Inventory snapshot
A2: This file was written by openpyxl and parsed by Cellwise’s own .xlsx reader — formulas are recalculated on import.
A4: SKU | B4: Item | C4: Category | D4: Supplier | E4: On hand | F4: Reorder at | G4: Unit cost | H4: Stock value | I4: Status | J4: Last restock
A5: NW-1001 | B5: Espresso beans 1kg | C5: Coffee | D5: Andes Roasters | E5: 142 | F5: 60 | G5: 18.5 | H5: =E5*G5 | I5: =IF(E5<F5,"Reorder","OK") | J5: 46267
A6: NW-1002 | B6: Oat milk 1L | C6: Dairy-free | D6: Green Valley | E6: 38 | F6: 50 | G6: 2.4 | H6: =E6*G6 | I6: =IF(E6<F6,"Reorder","OK") | J6: 46277
A7: NW-1003 | B7: Paper cups 12oz | C7: Supplies | D7: PackRight | E7: 2400 | F7: 1000 | G7: 0.09 | H7: =E7*G7 | I7: =IF(E7<F7,"Reorder","OK") | J7: 46262
A8: NW-1004 | B8: Matcha powder 250g | C8: Tea | D8: Kyoto Leaf | E8: 17 | F8: 20 | G8: 22 | H8: =E8*G8 | I8: =IF(E8<F8,"Reorder","OK") | J8: 46233
A9: NW-1005 | B9: Chai syrup 750ml | C9: Syrups | D9: Sweet Drop | E9: 64 | F9: 30 | G9: 7.8 | H9: =E9*G9 | I9: =IF(E9<F9,"Reorder","OK") | J9: 46274
A10: NW-1006 | B10: Decaf beans 1kg | C10: Coffee | D10: Andes Roasters | E10: 45 | F10: 40 | G10: 19.9 | H10: =E10*G10 | I10: =IF(E10<F10,"Reorder","OK") | J10: 46249
A11: NW-1007 | B11: Almond milk 1L | C11: Dairy-free | D11: Green Valley | E11: 72 | F11: 50 | G11: 2.9 | H11: =E11*G11 | I11: =IF(E11<F11,"Reorder","OK") | J11: 46277
A12: NW-1008 | B12: Cup lids 12oz | C12: Supplies | D12: PackRight | E12: 800 | F12: 1000 | G12: 0.05 | H12: =E12*G12 | I12: =IF(E12<F12,"Reorder","OK") | J12: 46262
A13: NW-1009 | B13: Earl Grey tea 100ct | C13: Tea | D13: Kyoto Leaf | E13: 31 | F13: 25 | G13: 11.5 | H13: =E13*G13 | I13: =IF(E13<F13,"Reorder","OK") | J13: 46266
A14: NW-1010 | B14: Vanilla syrup 750ml | C14: Syrups | D14: Sweet Drop | E14: 22 | F14: 30 | G14: 7.2 | H14: =E14*G14 | I14: =IF(E14<F14,"Reorder","OK") | J14: 46254
A15: NW-1011 | B15: Cold brew filters | C15: Supplies | D15: PackRight | E15: 350 | F15: 200 | G15: 0.35 | H15: =E15*G15 | I15: =IF(E15<F15,"Reorder","OK") | J15: 46270
A16: NW-1012 | B16: Single-origin Kenya 1kg | C16: Coffee | D16: Andes Roasters | E16: 12 | F16: 25 | G16: 27 | H16: =E16*G16 | I16: =IF(E16<F16,"Reorder","OK") | J16: 46221
A17: Totals | E17: =SUM(E5:E16) | G17: =AVERAGE(G5:G16) | H17: =SUM(H5:H16) | I17: =COUNTIF(I5:I16,"Reorder")&" to reorder" | J17: =MAX(J5:J16)

Sheet Suppliers
A1: Supplier | B1: Country | C1: Lead time (days) | D1: Items | E1: Stock value | F1: Share of value
A2: Andes Roasters | B2: Colombia | C2: 14 | D2: =COUNTIF(Inventory!$D$5:$D$16,A2) | E2: =SUMIF(Inventory!$D$5:$D$16,A2,Inventory!$H$5:$H$16) | F2: =E2/SUM($E$2:$E$6)
A3: Green Valley | B3: Netherlands | C3: 5 | D3: =COUNTIF(Inventory!$D$5:$D$16,A3) | E3: =SUMIF(Inventory!$D$5:$D$16,A3,Inventory!$H$5:$H$16) | F3: =E3/SUM($E$2:$E$6)
A4: PackRight | B4: Germany | C4: 7 | D4: =COUNTIF(Inventory!$D$5:$D$16,A4) | E4: =SUMIF(Inventory!$D$5:$D$16,A4,Inventory!$H$5:$H$16) | F4: =E4/SUM($E$2:$E$6)
A5: Kyoto Leaf | B5: Japan | C5: 21 | D5: =COUNTIF(Inventory!$D$5:$D$16,A5) | E5: =SUMIF(Inventory!$D$5:$D$16,A5,Inventory!$H$5:$H$16) | F5: =E5/SUM($E$2:$E$6)
A6: Sweet Drop | B6: France | C6: 9 | D6: =COUNTIF(Inventory!$D$5:$D$16,A6) | E6: =SUMIF(Inventory!$D$5:$D$16,A6,Inventory!$H$5:$H$16) | F6: =E6/SUM($E$2:$E$6)
A8: Fastest supplier | B8: =INDEX(A2:A6,MATCH(MIN(C2:C6),C2:C6,0))
